Technology,Y2045
Battery Storage,3.992582656499405
Hydrogen Storage,0.03314743941785389
