Technology,Y2025
Battery Storage,11.007996198924719
Hydrogen Storage,0.06138517830314592
