Technology,Y2035
Battery Storage,5.947472523245387
Hydrogen Storage,0.04296916075733139
