Technology,Y2045
Offshore,0.0212
Onshore,1.3
Solar PV,0.0106
Hydro,0.0
Lignite,13.256654545454547
Coal,32.21332121212121
OCGT,56.52670588235294
CCGT,41.26058991596639
Biomass CC,0.468
